{"cameraMode":{"drawMode":0,"name":"Shaded","section":"Shading Mode"},"sceneLighting":true,"audioPlay":false,"sceneViewState":{"showFog":true,"showMaterialUpdate":false,"showSkybox":true,"showFlares":true,"showImageEffects":true,"showParticleSystems":true},"in2DMode":false,"pivot":{"x":4.189059734344482,"y":6.455819129943848,"z":0.868744969367981},"rotation":{"x":-0.06481317430734635,"y":-0.5909173488616943,"z":0.04796181991696358,"w":-0.8028102517127991},"size":9.284152030944825,"orthographic":false}