{"cameraMode":{"drawMode":0,"name":"Shaded","section":"Shading Mode"},"sceneLighting":true,"audioPlay":false,"sceneViewState":{"showFog":true,"showMaterialUpdate":false,"showSkybox":false,"showFlares":true,"showImageEffects":true,"showParticleSystems":true},"in2DMode":false,"pivot":{"x":0.18998336791992188,"y":2.8500003814697267,"z":0.4501934051513672},"rotation":{"x":-0.0536876805126667,"y":0.9264363050460815,"z":-0.34333813190460207,"w":-0.1448509395122528},"size":44.279212951660159,"orthographic":false}