{"cameraMode":{"drawMode":0,"name":"Shaded","section":"Shading Mode"},"sceneLighting":true,"audioPlay":false,"sceneViewState":{"showFog":true,"showMaterialUpdate":false,"showSkybox":true,"showFlares":true,"showImageEffects":true,"showParticleSystems":true},"in2DMode":false,"pivot":{"x":-4.578652858734131,"y":8.139354705810547,"z":-8.589908599853516},"rotation":{"x":-0.06665851920843125,"y":0.9173460602760315,"z":-0.3519160747528076,"w":-0.1737613081932068},"size":10.316216468811036,"orthographic":false}