{"cameraMode":{"drawMode":0,"name":"Shaded","section":"Shading Mode"},"sceneLighting":true,"audioPlay":false,"sceneViewState":{"showFog":true,"showMaterialUpdate":false,"showSkybox":true,"showFlares":true,"showImageEffects":true,"showParticleSystems":true},"in2DMode":false,"pivot":{"x":8.282773971557618,"y":3.54644775390625,"z":192.4541015625},"rotation":{"x":0.04356691241264343,"y":0.9545120000839233,"z":-0.2443825602531433,"w":0.16628795862197877},"size":15.743141174316407,"orthographic":false}